execution_date,signal_date,cash,shares,close,equity,position,signal_position,blocked_reason,atr_stop_triggered,atr_stop_price,traded_value,fees,ai_score,stock_score
2024-07-22,2024-07-19,960011.04175588,300,133.77,1000142.04175588,0.04012530053185724,0.05,,False,,39982.960799999986,5.997444119999997,53.61706349206349,46.62699080199878
2024-07-23,2024-07-22,960011.04175588,300,130.11,999044.04175588,0.039070349622822596,0.05,,False,113.952,0.0,0.0,59.34457671957672,44.51213137442776
2024-07-24,2024-07-23,960011.04175588,300,129.53,998870.04175588,0.03890295871892511,0.05,,False,114.024,0.0,0.0,63.393518518518526,42.52585013493669
2024-07-25,2024-07-24,960011.04175588,300,121.51,996464.04175588,0.03658235367506667,0.05,,False,113.9595,0.0,0.0,34.15013227513228,36.22380327126415
2024-07-26,2024-07-25,996543.01253008,0,123.48,996543.01253008,0.0,0.0,,False,113.1705,36555.732,23.761225800000002,33.61838624338624,36.9717242154323
2024-07-29,2024-07-26,947208.18301552,400,128.79,998724.18301552,0.05158180894794599,0.05,,False,,49327.4304,7.399114559999999,36.81547619047619,38.771413953991406
2024-07-30,2024-07-29,959907.65080392,300,126.87,997968.65080392,0.03813847255556547,0.05,,False,108.56699999999998,12710.823199999999,11.3554116,39.76521164021164,37.49006259304886
2024-07-31,2024-07-30,959907.65080392,300,128.7,998517.65080392,0.038667318468446274,0.05,,False,108.72299999999998,0.0,0.0,36.46957671957672,40.41439293698954
2024-08-01,2024-07-31,959907.65080392,300,129.1,998637.65080392,0.038782835765126325,0.05,,False,108.51749999999998,0.0,0.0,48.708333333333336,41.14694960279438
2024-08-02,2024-08-01,947730.92120392,400,118.24,995026.92120392,0.04753238228245605,0.05,,False,108.58899999999998,12171.729599999999,5.0,34.39748677248677,27.239253057410192
2024-08-05,2024-08-02,992601.7873706401,0,109.44,992601.7873706401,0.0,0.0,,False,107.74599999999998,44900.0512,29.18503328,32.98478835978836,24.92724867724868
2024-08-06,2024-08-05,992601.7873706401,0,113.77,992601.7873706401,0.0,0.0,,False,,0.0,0.0,31.48875661375661,25.79232804232804
2024-08-07,2024-08-06,992601.7873706401,0,112.62,992601.7873706401,0.0,0.0,,False,,0.0,0.0,31.688492063492063,26.1494708994709
2024-08-08,2024-08-07,992601.7873706401,0,109.82,992601.7873706401,0.0,0.0,,False,,0.0,0.0,29.16600529100529,18.044973544973544
2024-08-09,2024-08-08,992601.7873706401,0,111.83,992601.7873706401,0.0,0.0,,False,,0.0,0.0,30.18452380952381,18.37830687830688
2024-08-12,2024-08-09,992601.7873706401,0,112.65,992601.7873706401,0.0,0.0,,False,,0.0,0.0,30.44378306878307,18.6984126984127
2024-08-13,2024-08-12,992601.7873706401,0,116.22,992601.7873706401,0.0,0.0,,False,,0.0,0.0,30.529761904761905,19.039682539682538
2024-08-14,2024-08-13,992601.7873706401,0,115.06,992601.7873706401,0.0,0.0,,False,,0.0,0.0,33.107804232804234,18.98148148148148
2024-08-15,2024-08-14,992601.7873706401,0,114.39,992601.7873706401,0.0,0.0,,False,,0.0,0.0,37.74140211640212,19.3478835978836
2024-08-16,2024-08-15,992601.7873706401,0,119.22,992601.7873706401,0.0,0.0,,False,,0.0,0.0,49.29166666666667,22.264969269584405
2024-08-19,2024-08-16,992601.7873706401,0,120.89,992601.7873706401,0.0,0.0,,False,,0.0,0.0,52.95039682539683,32.168499169425395
2024-08-20,2024-08-19,992601.7873706401,0,120.94,992601.7873706401,0.0,0.0,,False,,0.0,0.0,52.69642857142857,32.97766134524359
2024-08-21,2024-08-20,992601.7873706401,0,121.46,992601.7873706401,0.0,0.0,,False,,0.0,0.0,52.05224867724868,34.533688714493564
2024-08-22,2024-08-21,992601.7873706401,0,120.64,992601.7873706401,0.0,0.0,,False,,0.0,0.0,63.65674603174603,36.45602162366774
2024-08-23,2024-08-22,992601.7873706401,0,119.18,992601.7873706401,0.0,0.0,,False,,0.0,0.0,60.55886243386243,34.78457074586107
2024-08-26,2024-08-23,992601.7873706401,0,113.63,992601.7873706401,0.0,0.0,,False,,0.0,0.0,62.70436507936508,22.17857142857143
2024-08-27,2024-08-26,992601.7873706401,0,112.55,992601.7873706401,0.0,0.0,,False,,0.0,0.0,57.5271164021164,20.87962962962963
2024-08-28,2024-08-27,992601.7873706401,0,111.86,992601.7873706401,0.0,0.0,,False,,0.0,0.0,64.53505291005291,19.505291005291006
2024-08-29,2024-08-28,992601.7873706401,0,105.98,992601.7873706401,0.0,0.0,,False,,0.0,0.0,40.65674603174603,17.264550264550262
2024-08-30,2024-08-29,992601.7873706401,0,108.23,992601.7873706401,0.0,0.0,,False,,0.0,0.0,45.96560846560847,20.15608465608465
2024-09-02,2024-08-30,992601.7873706401,0,103.48,992601.7873706401,0.0,0.0,,False,,0.0,0.0,56.09060846560847,20.556878306878307
2024-09-03,2024-09-02,992601.7873706401,0,104.66,992601.7873706401,0.0,0.0,,False,,0.0,0.0,56.09060846560847,19.503968253968253
2024-09-04,2024-09-03,992601.7873706401,0,101.27,992601.7873706401,0.0,0.0,,False,,0.0,0.0,43.816798941798936,17.73809523809524
2024-09-05,2024-09-04,992601.7873706401,0,101.04,992601.7873706401,0.0,0.0,,False,,0.0,0.0,45.18584656084656,18.392857142857142
2024-09-06,2024-09-05,992601.7873706401,0,98.8,992601.7873706401,0.0,0.0,,False,,0.0,0.0,53.00132275132275,16.162698412698415
2024-09-09,2024-09-06,992601.7873706401,0,101.37,992601.7873706401,0.0,0.0,,False,,0.0,0.0,36.39087301587301,17.16137566137566
2024-09-10,2024-09-09,992601.7873706401,0,105.77,992601.7873706401,0.0,0.0,,False,,0.0,0.0,39.52976190476191,18.326719576719576
2024-09-11,2024-09-10,992601.7873706401,0,105.52,992601.7873706401,0.0,0.0,,False,,0.0,0.0,39.93320105820106,18.748677248677247
2024-09-12,2024-09-11,992601.7873706401,0,107.33,992601.7873706401,0.0,0.0,,False,,0.0,0.0,41.39351851851852,20.16005291005291
2024-09-13,2024-09-12,992601.7873706401,0,115.22,992601.7873706401,0.0,0.0,,False,,0.0,0.0,48.00330687830689,29.95899470899471
2024-09-18,2024-09-13,992601.7873706401,0,112.94,992601.7873706401,0.0,0.0,,False,,0.0,0.0,40.48346560846561,28.28439153439153
2024-09-19,2024-09-18,992601.7873706401,0,109.35,992601.7873706401,0.0,0.0,,False,,0.0,0.0,33.992724867724874,26.785714285714285
2024-09-20,2024-09-19,992601.7873706401,0,108.32,992601.7873706401,0.0,0.0,,False,,0.0,0.0,42.54828042328043,18.65079365079365
2024-09-23,2024-09-20,992601.7873706401,0,108.23,992601.7873706401,0.0,0.0,,False,,0.0,0.0,48.70965608465609,18.92724867724868
2024-09-24,2024-09-23,992601.7873706401,0,121.4,992601.7873706401,0.0,0.0,,False,,0.0,0.0,44.744708994709,26.81110680192443
2024-09-25,2024-09-24,992601.7873706401,0,121.23,992601.7873706401,0.0,0.0,,False,,0.0,0.0,52.12764550264551,28.509161753348916
2024-09-26,2024-09-25,992601.7873706401,0,128.88,992601.7873706401,0.0,0.0,,False,,0.0,0.0,59.44775132275132,46.042456135014426
2024-09-27,2024-09-26,954168.3056130001,300,132.77,993999.3056130001,0.04007145656448542,0.05,,False,,38427.717599999996,5.764157639999999,65.06415343915344,48.66961203800872
2024-09-30,2024-09-27,954168.3056130001,300,153.9,1000338.3056130001,0.046154385712248974,0.05,,False,114.23900000000002,0.0,0.0,64.51521164021165,71.1385859784135
2024-10-08,2024-09-30,972604.308499,200,184.68,1009540.308499,0.036586949217428485,0.05,,False,133.39350000000002,18450.228000000003,14.225114000000001,60.81944444444445,76.43783068783068
2024-10-09,2024-10-08,972604.308499,200,165.37,1005678.308499,0.03288725601466315,0.05,,False,160.2375,0.0,0.0,60.68121693121693,59.9164346050311
2024-10-10,2024-10-09,955869.935699,300,161.7,1004379.935699,0.04829845586893308,0.05,,False,157.70850000000002,16729.372799999997,5.0,57.39219576719577,56.0631439710387
2024-10-11,2024-10-10,955869.935699,300,158.65,1003464.935699,0.04743065582739667,0.05,,False,156.25050000000002,0.0,0.0,56.68452380952381,60.49955908289242
2024-10-14,2024-10-11,766077.7815455601,1500,161.0,1007577.7815455601,0.2396837290611494,0.25,,False,155.61,189763.68959999998,28.464553439999996,55.86574074074075,62.9900677619976
2024-10-15,2024-10-14,766077.7815455601,1500,156.82,1001307.7815455601,0.23492277233371014,0.25,,False,154.62300000000002,0.0,0.0,58.32208994708997,59.84722608991614
2024-10-16,2024-10-15,961989.3993674801,200,147.78,991545.3993674801,0.029808014861300514,0.0,,True,153.675,196039.0432,127.42537807999999,52.52976190476191,56.46734892787524
2024-10-17,2024-10-16,991957.39577228,0,149.57,991957.39577228,0.0,0.0,,True,152.8425,29987.990400000002,19.9939952,56.40410052910053,57.18226894396485
2024-10-18,2024-10-17,872588.0882615601,800,166.96,1006156.0882615601,0.1327507745152934,0.125,,False,,119351.40479999997,17.902710719999995,53.47751322751323,68.58595562981527
2024-10-21,2024-10-18,756719.1033204801,1500,163.95,1002644.1033204801,0.2452764636879271,0.25,,False,131.96800000000002,115851.6072,17.37774108,54.46362433862434,66.10916179337231
2024-10-22,2024-10-21,756719.1033204801,1500,168.95,1010144.1033204801,0.2508800468833682,0.25,,False,130.94350000000003,0.0,0.0,53.58399470899472,70.38661468486029
2024-10-23,2024-10-22,756719.1033204801,1500,155.19,989504.1033204801,0.2352542038166826,0.25,,False,133.214,0.0,0.0,49.85515873015874,59.9113524552121
2024-10-24,2024-10-23,864285.9609864401,800,156.13,989189.9609864401,0.12626897251913397,0.125,,False,131.56099999999998,107636.8216,69.96393404,47.080026455026456,60.677403385005725
2024-10-25,2024-10-24,880051.4390028401,700,155.39,988824.4390028401,0.11000233783631998,0.125,,False,131.0315,15778.367199999999,12.889183599999999,45.2718253968254,60.65896995575358
2024-10-28,2024-10-25,880051.4390028401,700,149.61,984778.4390028401,0.10634574829445265,0.125,,False,130.757,0.0,0.0,49.80224867724867,52.2751786874594
2024-10-29,2024-10-28,865336.68060284,800,142.58,979400.68060284,0.11646305976609228,0.125,,False,130.022,14709.758399999999,5.0,51.49669312169313,48.75680714131007
2024-10-30,2024-10-29,978859.8921206,0,140.37,978859.8921206,0.0,0.0,,False,130.8845,113597.04960000001,73.83808224,59.330026455026456,47.4360438132368
2024-10-31,2024-10-30,978859.8921206,0,142.13,978859.8921206,0.0,0.0,,False,,0.0,0.0,46.105158730158735,46.7119032148272
2024-11-01,2024-10-31,978859.8921206,0,139.86,978859.8921206,0.0,0.0,,False,,0.0,0.0,31.75992063492064,44.22994987468672
2024-11-04,2024-11-01,978859.8921206,0,142.26,978859.8921206,0.0,0.0,,False,,0.0,0.0,28.859126984126988,34.47384665367121
2024-11-05,2024-11-04,978859.8921206,0,147.37,978859.8921206,0.0,0.0,,False,,0.0,0.0,29.910714285714285,33.93334416287633
2024-11-06,2024-11-05,934588.86926312,300,142.01,977191.86926312,0.04359737462012044,0.05,,False,,44264.383200000004,6.63965748,30.767857142857142,34.064126365295955
2024-11-07,2024-11-06,975961.81295828,0,144.18,975961.81295828,0.0,0.0,,False,113.17099999999999,41399.8536,26.90990484,37.5218253968254,35.29330270119744
2024-11-08,2024-11-07,931940.02668068,300,141.33,974339.02668068,0.04351565403722192,0.05,,False,,44015.183999999994,6.602277599999998,43.99801587301587,34.708205699433776
2024-11-11,2024-11-08,973918.09199096,0,144.0,973918.09199096,0.0,0.0,,False,113.07000000000001,42005.3688,27.303489719999998,40.29828042328042,35.602060707323865
2024-11-12,2024-11-11,973918.09199096,0,146.59,973918.09199096,0.0,0.0,,False,,0.0,0.0,37.08928571428572,45.49395866208732
2024-11-13,2024-11-12,930193.5878989999,300,155.33,976792.5878989999,0.04770613595689808,0.05,,False,,43717.94639999999,6.557691959999999,37.15145502645503,64.55333549924194
2024-11-14,2024-11-13,930193.5878989999,300,147.89,974560.5878989999,0.04552513260940328,0.05,,False,126.81800000000001,0.0,0.0,26.610449735449738,48.07635601349051
2024-11-15,2024-11-14,930193.5878989999,300,139.63,972082.5878989999,0.04309201761399341,0.05,,False,126.26900000000002,0.0,0.0,26.070105820105823,40.11602308239736
2024-11-18,2024-11-15,971575.51854884,0,131.19,971575.51854884,0.0,0.0,,False,128.45450000000002,41408.846399999995,26.915750159999995,22.339285714285715,30.53174603174603
2024-11-19,2024-11-18,971575.51854884,0,133.96,971575.51854884,0.0,0.0,,False,,0.0,0.0,24.707010582010582,37.75793650793651
2024-11-20,2024-11-19,971575.51854884,0,137.28,971575.51854884,0.0,0.0,,False,,0.0,0.0,29.98214285714285,39.8478835978836
2024-11-21,2024-11-20,971575.51854884,0,132.97,971575.51854884,0.0,0.0,,False,,0.0,0.0,30.713624338624346,38.15873015873016
2024-11-22,2024-11-21,971575.51854884,0,131.46,971575.51854884,0.0,0.0,,False,,0.0,0.0,32.64087301587302,30.1521164021164
2024-11-25,2024-11-22,971575.51854884,0,124.23,971575.51854884,0.0,0.0,,False,,0.0,0.0,33.904761904761905,28.558201058201057
2024-11-26,2024-11-25,971575.51854884,0,126.25,971575.51854884,0.0,0.0,,False,,0.0,0.0,37.96230158730159,30.117724867724867
2024-11-27,2024-11-26,971575.51854884,0,127.89,971575.51854884,0.0,0.0,,False,,0.0,0.0,35.79232804232805,31.801587301587304
2024-11-28,2024-11-27,971575.51854884,0,124.02,971575.51854884,0.0,0.0,,False,,0.0,0.0,42.15410052910053,29.67989417989418
2024-11-29,2024-11-28,971575.51854884,0,125.94,971575.51854884,0.0,0.0,,False,,0.0,0.0,42.15410052910053,31.01587301587302
2024-12-02,2024-11-29,971575.51854884,0,131.21,971575.51854884,0.0,0.0,,False,,0.0,0.0,51.73412698412698,33.78439153439153
2024-12-03,2024-12-02,971575.51854884,0,129.19,971575.51854884,0.0,0.0,,False,,0.0,0.0,64.42195767195768,30.8505291005291
2024-12-04,2024-12-03,971575.51854884,0,127.23,971575.51854884,0.0,0.0,,False,,0.0,0.0,62.39880952380952,24.1468253968254
2024-12-05,2024-12-04,971575.51854884,0,131.02,971575.51854884,0.0,0.0,,False,,0.0,0.0,69.62632275132276,25.194444444444443
2024-12-06,2024-12-05,971575.51854884,0,130.7,971575.51854884,0.0,0.0,,False,,0.0,0.0,59.50198412698413,26.00925925925926
2024-12-09,2024-12-06,971575.51854884,0,124.32,971575.51854884,0.0,0.0,,False,,0.0,0.0,56.0654761904762,22.47883597883598
2024-12-10,2024-12-09,971575.51854884,0,122.39,971575.51854884,0.0,0.0,,False,,0.0,0.0,53.991402116402114,21.37830687830688
2024-12-11,2024-12-10,971575.51854884,0,124.35,971575.51854884,0.0,0.0,,False,,0.0,0.0,51.44775132275132,19.97089947089947
2024-12-12,2024-12-11,971575.51854884,0,129.36,971575.51854884,0.0,0.0,,False,,0.0,0.0,58.26521164021164,29.358465608465607
2024-12-13,2024-12-12,971575.51854884,0,126.31,971575.51854884,0.0,0.0,,False,,0.0,0.0,58.86574074074074,22.68121693121693
2024-12-16,2024-12-13,971575.51854884,0,122.04,971575.51854884,0.0,0.0,,False,,0.0,0.0,69.35449735449735,22.64550264550265
2024-12-17,2024-12-16,971575.51854884,0,125.21,971575.51854884,0.0,0.0,,False,,0.0,0.0,74.07076719576719,22.726190476190474
2024-12-18,2024-12-17,971575.51854884,0,122.67,971575.51854884,0.0,0.0,,False,,0.0,0.0,70.06018518518519,20.435185185185183
2024-12-19,2024-12-18,971575.51854884,0,126.25,971575.51854884,0.0,0.0,,False,,0.0,0.0,48.09986772486772,24.074074074074076
2024-12-20,2024-12-19,971575.51854884,0,126.31,971575.51854884,0.0,0.0,,False,,0.0,0.0,47.16798941798943,24.748677248677247
2024-12-23,2024-12-20,971575.51854884,0,131.77,971575.51854884,0.0,0.0,,False,,0.0,0.0,47.15674603174604,44.71957671957672
2024-12-24,2024-12-23,971575.51854884,0,130.79,971575.51854884,0.0,0.0,,False,,0.0,0.0,57.56150793650794,34.34391534391534
2024-12-25,2024-12-24,971575.51854884,0,134.15,971575.51854884,0.0,0.0,,False,,0.0,0.0,65.12433862433863,43.17328042328043
2024-12-26,2024-12-25,971575.51854884,0,139.93,971575.51854884,0.0,0.0,,False,,0.0,0.0,65.12433862433863,46.50530647606671
2024-12-27,2024-12-26,971575.51854884,0,136.0,971575.51854884,0.0,0.0,,False,,0.0,0.0,68.41335978835978,43.63624338624339
2024-12-30,2024-12-27,971575.51854884,0,130.37,971575.51854884,0.0,0.0,,False,,0.0,0.0,64.50595238095238,29.83730158730159
2024-12-31,2024-12-30,971575.51854884,0,122.74,971575.51854884,0.0,0.0,,False,,0.0,0.0,51.88558201058201,19.55820105820106
2025-01-02,2024-12-31,971575.51854884,0,121.35,971575.51854884,0.0,0.0,,False,,0.0,0.0,42.9973544973545,20.451058201058203
2025-01-03,2025-01-02,971575.51854884,0,122.25,971575.51854884,0.0,0.0,,False,,0.0,0.0,43.94907407407408,20.12301587301587
2025-01-06,2025-01-03,971575.51854884,0,124.71,971575.51854884,0.0,0.0,,False,,0.0,0.0,52.82208994708995,21.294973544973548
2025-01-07,2025-01-06,971575.51854884,0,127.55,971575.51854884,0.0,0.0,,False,,0.0,0.0,58.74404761904762,31.943018347058
2025-01-08,2025-01-07,971575.51854884,0,123.45,971575.51854884,0.0,0.0,,False,,0.0,0.0,50.02314814814815,23.124338624338623
2025-01-09,2025-01-08,971575.51854884,0,120.76,971575.51854884,0.0,0.0,,False,,0.0,0.0,50.771164021164026,22.214285714285715
2025-01-10,2025-01-09,971575.51854884,0,112.43,971575.51854884,0.0,0.0,,False,,0.0,0.0,50.771164021164026,16.625661375661373
2025-01-13,2025-01-10,971575.51854884,0,110.11,971575.51854884,0.0,0.0,,False,,0.0,0.0,36.55092592592593,16.496031746031747
2025-01-14,2025-01-13,971575.51854884,0,113.64,971575.51854884,0.0,0.0,,False,,0.0,0.0,33.39153439153439,19.74206349206349
2025-01-15,2025-01-14,971575.51854884,0,109.86,971575.51854884,0.0,0.0,,False,,0.0,0.0,34.75066137566137,17.011904761904763
2025-01-16,2025-01-15,971575.51854884,0,118.75,971575.51854884,0.0,0.0,,False,,0.0,0.0,50.30224867724868,22.996099522952143
2025-01-17,2025-01-16,971575.51854884,0,116.18,971575.51854884,0.0,0.0,,False,,0.0,0.0,48.97420634920635,20.621693121693124
2025-01-20,2025-01-17,971575.51854884,0,118.42,971575.51854884,0.0,0.0,,False,,0.0,0.0,53.782407407407405,22.15267375790134
2025-01-21,2025-01-20,971575.51854884,0,118.82,971575.51854884,0.0,0.0,,False,,0.0,0.0,53.782407407407405,20.899100123750863
2025-01-22,2025-01-21,971575.51854884,0,131.18,971575.51854884,0.0,0.0,,False,,0.0,0.0,65.5244708994709,50.29462720945372
2025-01-23,2025-01-22,932009.96220548,300,126.96,970097.96220548,0.03926201423349907,0.05,,False,,39559.62239999999,5.933943359999998,73.35383597883597,34.63821529312741
2025-01-24,2025-01-23,969860.01966608,0,127.46,969860.01966608,0.0,0.0,,False,108.01049999999998,37874.676,24.6185394,69.39087301587303,33.23196253615361
2025-01-27,2025-01-24,969860.01966608,0,114.11,969860.01966608,0.0,0.0,,False,,0.0,0.0,64.6633597883598,18.797619047619044
2025-02-05,2025-01-27,969860.01966608,0,97.64,969860.01966608,0.0,0.0,,False,,0.0,0.0,38.62698412698413,15.845238095238097
2025-02-06,2025-02-05,969860.01966608,0,100.37,969860.01966608,0.0,0.0,,False,,0.0,0.0,48.3723544973545,9.571428571428571
2025-02-07,2025-02-06,969860.01966608,0,107.11,969860.01966608,0.0,0.0,,False,,0.0,0.0,53.40145502645503,12.280423280423282
2025-02-10,2025-02-07,969860.01966608,0,109.93,969860.01966608,0.0,0.0,,False,,0.0,0.0,47.976851851851855,13.386243386243386
2025-02-11,2025-02-10,969860.01966608,0,110.81,969860.01966608,0.0,0.0,,False,,0.0,0.0,68.44642857142857,13.32936507936508
2025-02-12,2025-02-11,969860.01966608,0,111.21,969860.01966608,0.0,0.0,,False,,0.0,0.0,66.54166666666667,13.007936507936508
2025-02-13,2025-02-12,969860.01966608,0,107.45,969860.01966608,0.0,0.0,,False,,0.0,0.0,65.83664021164022,12.650793650793652
2025-02-14,2025-02-13,969860.01966608,0,106.76,969860.01966608,0.0,0.0,,False,,0.0,0.0,65.81944444444444,12.94179894179894
2025-02-17,2025-02-14,969860.01966608,0,114.84,969860.01966608,0.0,0.0,,False,,0.0,0.0,70.10648148148148,34.73978722165315
2025-02-18,2025-02-17,969860.01966608,0,112.89,969860.01966608,0.0,0.0,,False,,0.0,0.0,70.10648148148148,27.08353250699423
2025-02-19,2025-02-18,969860.01966608,0,113.53,969860.01966608,0.0,0.0,,False,,0.0,0.0,69.88955026455027,22.235182406017827
2025-02-20,2025-02-19,969860.01966608,0,113.73,969860.01966608,0.0,0.0,,False,,0.0,0.0,74.7824074074074,28.361607390997086
2025-02-21,2025-02-20,969860.01966608,0,117.99,969860.01966608,0.0,0.0,,False,,0.0,0.0,71.05753968253968,30.849036290632085
2025-02-24,2025-02-21,969860.01966608,0,113.79,969860.01966608,0.0,0.0,,False,,0.0,0.0,65.10383597883597,29.117392029348004
2025-02-25,2025-02-24,969860.01966608,0,110.66,969860.01966608,0.0,0.0,,False,,0.0,0.0,45.782407407407405,18.613245776327314
2025-02-26,2025-02-25,969860.01966608,0,111.52,969860.01966608,0.0,0.0,,False,,0.0,0.0,54.45965608465608,20.22129120115613
2025-02-27,2025-02-26,969860.01966608,0,107.51,969860.01966608,0.0,0.0,,False,,0.0,0.0,61.17791005291005,13.694472897824577
2025-02-28,2025-02-27,969860.01966608,0,100.25,969860.01966608,0.0,0.0,,False,,0.0,0.0,46.15542328042328,11.157407407407408
2025-03-03,2025-02-28,969860.01966608,0,102.13,969860.01966608,0.0,0.0,,False,,0.0,0.0,44.91203703703704,11.805555555555555
2025-03-04,2025-03-03,969860.01966608,0,101.83,969860.01966608,0.0,0.0,,False,,0.0,0.0,34.970899470899475,14.162698412698411
2025-03-05,2025-03-04,969860.01966608,0,102.82,969860.01966608,0.0,0.0,,False,,0.0,0.0,32.74404761904762,26.15873015873016
2025-03-06,2025-03-05,969860.01966608,0,104.52,969860.01966608,0.0,0.0,,False,,0.0,0.0,30.266534391534396,25.587301587301585
2025-03-07,2025-03-06,969860.01966608,0,101.61,969860.01966608,0.0,0.0,,False,,0.0,0.0,21.330026455026456,16.719576719576718
2025-03-10,2025-03-07,969860.01966608,0,101.75,969860.01966608,0.0,0.0,,False,,0.0,0.0,21.786375661375665,15.312169312169312
2025-03-11,2025-03-10,969860.01966608,0,101.15,969860.01966608,0.0,0.0,,False,,0.0,0.0,21.23214285714285,14.28968253968254
2025-03-12,2025-03-11,969860.01966608,0,101.73,969860.01966608,0.0,0.0,,False,,0.0,0.0,20.92791005291005,14.964285714285715
2025-03-13,2025-03-12,969860.01966608,0,101.86,969860.01966608,0.0,0.0,,False,,0.0,0.0,23.164682539682538,16.674603174603178
2025-03-14,2025-03-13,969860.01966608,0,103.35,969860.01966608,0.0,0.0,,False,,0.0,0.0,23.61309523809524,17.908730158730158
2025-03-17,2025-03-14,969860.01966608,0,103.61,969860.01966608,0.0,0.0,,False,,0.0,0.0,22.982804232804234,14.104497354497354
2025-03-18,2025-03-17,969860.01966608,0,108.19,969860.01966608,0.0,0.0,,False,,0.0,0.0,22.361772486772487,25.97696334939957
2025-03-19,2025-03-18,969860.01966608,0,104.33,969860.01966608,0.0,0.0,,False,,0.0,0.0,20.80687830687831,15.685185185185189
2025-03-20,2025-03-19,969860.01966608,0,104.35,969860.01966608,0.0,0.0,,False,,0.0,0.0,23.29563492063492,15.041005291005291
2025-03-21,2025-03-20,969860.01966608,0,101.82,969860.01966608,0.0,0.0,,False,,0.0,0.0,23.02579365079365,11.797619047619047
2025-03-24,2025-03-21,969860.01966608,0,102.24,969860.01966608,0.0,0.0,,False,,0.0,0.0,23.51388888888889,12.376984126984128
2025-03-25,2025-03-24,969860.01966608,0,101.37,969860.01966608,0.0,0.0,,False,,0.0,0.0,26.02314814814815,12.780423280423282
2025-03-26,2025-03-25,969860.01966608,0,100.45,969860.01966608,0.0,0.0,,False,,0.0,0.0,27.30886243386244,11.21693121693122
2025-03-27,2025-03-26,969860.01966608,0,98.51,969860.01966608,0.0,0.0,,False,,0.0,0.0,17.47685185185185,11.5489417989418
2025-03-28,2025-03-27,969860.01966608,0,96.81,969860.01966608,0.0,0.0,,False,,0.0,0.0,20.650132275132275,13.383597883597885
2025-03-31,2025-03-28,969860.01966608,0,98.03,969860.01966608,0.0,0.0,,False,,0.0,0.0,18.483465608465607,12.834656084656086
2025-04-01,2025-03-31,969860.01966608,0,98.0,969860.01966608,0.0,0.0,,False,,0.0,0.0,22.38822751322752,13.208994708994709
2025-04-02,2025-04-01,969860.01966608,0,99.14,969860.01966608,0.0,0.0,,False,,0.0,0.0,24.18320105820106,13.935497168154583
2025-04-03,2025-04-02,969860.01966608,0,93.3,969860.01966608,0.0,0.0,,False,,0.0,0.0,17.527116402116402,9.996031746031749
2025-04-07,2025-04-03,969860.01966608,0,74.63,969860.01966608,0.0,0.0,,False,,0.0,0.0,13.632936507936506,3.716931216931217
2025-04-08,2025-04-07,969860.01966608,0,71.83,969860.01966608,0.0,0.0,,False,,0.0,0.0,12.158068783068783,3.2962962962962967
2025-04-09,2025-04-08,969860.01966608,0,71.54,969860.01966608,0.0,0.0,,False,,0.0,0.0,9.958333333333332,3.5039682539682544
2025-04-10,2025-04-09,969860.01966608,0,77.01,969860.01966608,0.0,0.0,,False,,0.0,0.0,18.65145502645503,4.2989417989418
2025-04-11,2025-04-10,969860.01966608,0,77.88,969860.01966608,0.0,0.0,,False,,0.0,0.0,12.19047619047619,4.744708994708995
2025-04-14,2025-04-11,969860.01966608,0,81.03,969860.01966608,0.0,0.0,,False,,0.0,0.0,10.319444444444445,5.455026455026456
2025-04-15,2025-04-14,969860.01966608,0,79.67,969860.01966608,0.0,0.0,,False,,0.0,0.0,11.779761904761903,5.68915343915344
2025-04-16,2025-04-15,969860.01966608,0,77.51,969860.01966608,0.0,0.0,,False,,0.0,0.0,14.646164021164022,4.551587301587302
2025-04-17,2025-04-16,969860.01966608,0,77.13,969860.01966608,0.0,0.0,,False,,0.0,0.0,10.400132275132275,4.453703703703704
2025-04-18,2025-04-17,969860.01966608,0,78.65,969860.01966608,0.0,0.0,,False,,0.0,0.0,9.098544973544971,5.075396825396826
2025-04-21,2025-04-18,969860.01966608,0,80.69,969860.01966608,0.0,0.0,,False,,0.0,0.0,9.098544973544971,5.753968253968255
2025-04-22,2025-04-21,969860.01966608,0,79.57,969860.01966608,0.0,0.0,,False,,0.0,0.0,6.806216931216932,5.805555555555556
2025-04-23,2025-04-22,969860.01966608,0,83.0,969860.01966608,0.0,0.0,,False,,0.0,0.0,8.156746031746032,7.492063492063492
2025-04-24,2025-04-23,969860.01966608,0,80.83,969860.01966608,0.0,0.0,,False,,0.0,0.0,10.86904761904762,7.240740740740741
2025-04-25,2025-04-24,969860.01966608,0,84.74,969860.01966608,0.0,0.0,,False,,0.0,0.0,21.026455026455025,16.81613756613757
2025-04-28,2025-04-25,969860.01966608,0,82.87,969860.01966608,0.0,0.0,,False,,0.0,0.0,28.931878306878307,16.82936507936508
2025-04-29,2025-04-28,969860.01966608,0,82.58,969860.01966608,0.0,0.0,,False,,0.0,0.0,30.411375661375654,16.724867724867725
2025-04-30,2025-04-29,969860.01966608,0,82.97,969860.01966608,0.0,0.0,,False,,0.0,0.0,31.710978835978835,17.97883597883598
2025-05-06,2025-04-30,969860.01966608,0,86.11,969860.01966608,0.0,0.0,,False,,0.0,0.0,50.33531746031746,21.21296296296296
2025-05-07,2025-05-06,969860.01966608,0,86.11,969860.01966608,0.0,0.0,,False,,0.0,0.0,45.27976190476191,23.83068783068783
2025-05-08,2025-05-07,969860.01966608,0,95.89,969860.01966608,0.0,0.0,,False,,0.0,0.0,53.79894179894181,42.2073299190004
2025-05-09,2025-05-08,969860.01966608,0,94.21,969860.01966608,0.0,0.0,,False,,0.0,0.0,40.36507936507937,40.89323247732858
2025-05-12,2025-05-09,969860.01966608,0,96.67,969860.01966608,0.0,0.0,,False,,0.0,0.0,57.20039682539682,41.98236533362392
2025-05-13,2025-05-12,969860.01966608,0,95.83,969860.01966608,0.0,0.0,,False,,0.0,0.0,61.19113756613757,41.00984042231182
2025-05-14,2025-05-13,969860.01966608,0,97.78,969860.01966608,0.0,0.0,,False,,0.0,0.0,61.69642857142857,42.64980991125156
2025-05-15,2025-05-14,969860.01966608,0,93.54,969860.01966608,0.0,0.0,,False,,0.0,0.0,62.06018518518519,39.26178671315971
2025-05-16,2025-05-15,969860.01966608,0,97.22,969860.01966608,0.0,0.0,,False,,0.0,0.0,62.6170634920635,41.094493480077006
2025-05-19,2025-05-16,969860.01966608,0,94.69,969860.01966608,0.0,0.0,,False,,0.0,0.0,64.34060846560845,40.39642887411766
2025-05-20,2025-05-19,969860.01966608,0,95.37,969860.01966608,0.0,0.0,,False,,0.0,0.0,66.03108465608466,40.965771917717
2025-05-21,2025-05-20,969860.01966608,0,95.14,969860.01966608,0.0,0.0,,False,,0.0,0.0,66.3121693121693,40.56344666012859
2025-05-22,2025-05-21,969860.01966608,0,93.87,969860.01966608,0.0,0.0,,False,,0.0,0.0,64.17857142857144,39.912652030962086
2025-05-23,2025-05-22,969860.01966608,0,91.3,969860.01966608,0.0,0.0,,False,,0.0,0.0,59.06547619047619,39.43476387845111
2025-05-26,2025-05-23,969860.01966608,0,91.79,969860.01966608,0.0,0.0,,False,,0.0,0.0,59.13293650793651,38.71293259851366
2025-05-27,2025-05-26,969860.01966608,0,89.6,969860.01966608,0.0,0.0,,False,,0.0,0.0,59.13293650793651,31.082212925428564
2025-05-28,2025-05-27,969860.01966608,0,92.05,969860.01966608,0.0,0.0,,False,,0.0,0.0,62.79232804232805,39.337287282661165
2025-05-29,2025-05-28,969860.01966608,0,94.35,969860.01966608,0.0,0.0,,False,,0.0,0.0,64.06150793650795,50.472598422039226
2025-05-30,2025-05-29,969860.01966608,0,92.97,969860.01966608,0.0,0.0,,False,,0.0,0.0,64.34854497354497,49.39114718814783
2025-06-03,2025-05-30,969860.01966608,0,91.19,969860.01966608,0.0,0.0,,False,,0.0,0.0,63.84126984126984,40.385830018813664
2025-06-04,2025-06-03,969860.01966608,0,96.7,969860.01966608,0.0,0.0,,False,,0.0,0.0,67.7744708994709,51.209999946204775
2025-06-05,2025-06-04,969860.01966608,0,102.24,969860.01966608,0.0,0.0,,False,,0.0,0.0,71.30092592592592,55.05627066531494
2025-06-06,2025-06-05,969860.01966608,0,102.81,969860.01966608,0.0,0.0,,False,,0.0,0.0,67.44246031746033,52.57539205718336
2025-06-09,2025-06-06,969860.01966608,0,107.88,969860.01966608,0.0,0.0,,False,,0.0,0.0,65.52447089947091,64.17682797410592
2025-06-10,2025-06-09,776302.2911612,1800,107.1,969082.2911612,0.19893047448942847,0.5,,False,,193528.69919999997,29.029304879999994,68.23611111111111,63.01490580210887
2025-06-11,2025-06-10,579339.33034808,3600,107.31,965655.33034808,0.4000557837347085,0.5,,False,95.52749999999999,196933.42079999996,29.54001311999999,63.40343915343916,62.81908224361317
2025-06-12,2025-06-11,483452.31265256007,4500,115.28,1002212.3126525601,0.5176148740649528,0.5,,False,95.8125,95872.6368,14.380895519999997,58.20965608465609,65.12169312169313
2025-06-13,2025-06-12,676631.8962517601,2800,115.93,1001235.8962517601,0.32420331833406274,0.25,,False,102.659,193305.232,125.64840079999999,57.11309523809524,65.85317460317461
2025-06-16,2025-06-13,757853.99554856,2100,119.82,1009475.99554856,0.24926001322425295,0.25,,False,103.3645,81274.928,52.8287032,50.31481481481482,66.95260262406335
2025-06-17,2025-06-16,757853.99554856,2100,118.62,1006955.99554856,0.24738121735329313,0.25,,False,107.175,0.0,0.0,54.86309523809524,65.52475737415648
2025-06-18,2025-06-17,757853.99554856,2100,124.29,1018862.99554856,0.256176739306811,0.25,,False,106.923,0.0,0.0,54.18121693121694,71.50816810521664
2025-06-19,2025-06-18,770261.8428201601,2000,128.02,1026301.8428201601,0.24947826196670503,0.25,,False,110.39100000000002,12419.0568,11.2095284,56.10185185185185,74.9184956234731
2025-06-20,2025-06-19,783210.9857085601,1900,129.21,1028709.9857085601,0.23864743553636644,0.25,,False,113.44150000000002,12960.6232,11.4803116,56.10185185185185,76.45146051861911
2025-06-23,2025-06-20,770493.8241085601,2000,126.81,1024113.8241085601,0.2476482535725592,0.25,,False,114.02550000000002,12712.1616,5.0,60.38690476190475,73.77817937909168
2025-06-24,2025-06-23,578161.2585505601,3500,124.97,1015556.2585505601,0.43069499726609584,0.5,,False,113.55150000000002,192303.71999999997,28.845557999999993,63.03703703703704,71.79854920033935
2025-06-25,2025-06-24,514741.0589473601,4000,125.45,1016541.0589473601,0.4936347583634444,0.5,,False,113.02050000000001,63410.687999999995,9.511603199999998,71.22949735449735,72.68638003141945
2025-06-26,2025-06-25,514741.0589473601,4000,129.41,1032381.0589473601,0.5014040072837038,0.5,,False,112.71750000000002,0.0,0.0,69.34060846560847,76.6975637289544
2025-06-27,2025-06-26,527608.3084029601,3900,138.09,1066159.3084029602,0.5051318276315719,0.5,,False,112.22300000000001,12878.688799999998,11.4393444,73.18320105820106,83.21415734322187
2025-06-30,2025-06-27,541703.9593505601,3800,145.54,1094755.95935056,0.5051829088266265,0.5,,False,119.44200000000001,14107.7048,12.0538524,71.78968253968254,85.36111111111111
2025-07-01,2025-06-30,556007.3399813601,3700,144.98,1092433.3399813601,0.4910377414965685,0.5,,False,125.968,14315.5384,12.1577692,74.59854497354497,84.81881796891416
2025-07-02,2025-07-01,541771.9647813601,3800,138.62,1068527.9647813602,0.4929735274713036,0.5,,False,125.6335,14230.375199999997,5.0,70.48214285714286,77.43939574058442
2025-07-03,2025-07-02,541771.9647813601,3800,141.95,1081181.9647813602,0.4989076932198745,0.5,,False,125.4865,0.0,0.0,69.45833333333334,80.8246757377924
2025-07-04,2025-07-03,556027.4077929601,3700,139.14,1070845.40779296,0.48075847013347434,0.5,,False,125.8075,14267.576799999997,12.133788399999998,72.09920634920636,78.24435199545137
2025-07-07,2025-07-04,542291.43179296,3800,134.85,1054721.43179296,0.48584392480666794,0.5,,False,125.2915,13730.975999999999,5.0,72.09920634920636,73.27145231078858
2025-07-08,2025-07-07,528829.6749929601,3900,144.56,1092613.67499296,0.5159957383872508,0.5,,False,125.0095,13456.7568,5.0,72.31547619047619,82.8598494350178
2025-07-09,2025-07-08,557723.0697673601,3700,144.98,1094149.06976736,0.490267747624239,0.5,,False,123.7615,28912.8512,19.456425600000003,81.52447089947091,83.2606169107131
2025-07-10,2025-07-09,396750.27146896016,4800,146.27,1098846.2714689602,0.6389392385719467,0.65,,False,123.547,160948.65599999996,24.14229839999999,83.00793650793652,90.723544973545
2025-07-11,2025-07-10,382291.7178689602,4900,144.96,1092595.7178689602,0.6501068861823874,0.65,,False,125.096,14453.553599999997,5.0,82.35780423280424,89.13526301110906
2025-07-14,2025-07-11,382291.7178689602,4900,149.49,1114792.7178689602,0.6570737216513669,0.65,,False,124.88300000000001,0.0,0.0,79.75859788359789,90.33333333333331
2025-07-15,2025-07-14,413238.4406657602,4700,174.42,1233012.44066576,0.6648546056496933,0.65,,False,128.193,30967.206400000003,20.4836032,78.0681216931217,92.57142857142856
2025-07-16,2025-07-15,449066.43332336016,4500,170.38,1215776.43332336,0.630634036805744,0.65,,False,149.99699999999999,35851.296,23.303342400000002,84.31150793650794,88.4465207135486
2025-07-17,2025-07-16,432165.9277233602,4600,176.46,1243881.9277233602,0.6525667604847829,0.65,,False,149.5725,16895.505599999997,5.0,82.4318783068783,91.59656084656083
2025-07-18,2025-07-17,450215.4335545602,4500,180.22,1261205.4335545602,0.6430276768744323,0.65,,False,151.21800000000002,18063.5376,14.0317688,84.29232804232805,91.46031746031748
2025-07-21,2025-07-18,450215.4335545602,4500,187.54,1294145.4335545602,0.6521137254891226,0.65,,False,153.6685,0.0,0.0,83.29695767195768,92.0925925925926
2025-07-22,2025-07-21,468855.17132216017,4400,184.03,1278587.1713221602,0.6333021464329829,0.65,,False,160.33,18654.0648,14.3270324,84.83531746031747,88.91705318033036
2025-07-23,2025-07-22,450974.8825221602,4500,185.77,1286939.8825221602,0.6495757970929192,0.65,,False,158.827,17875.2888,5.0,80.61574074074075,89.8772016467175
2025-07-24,2025-07-23,469953.1797253602,4400,184.79,1283029.1797253601,0.6337159067372448,0.65,,False,157.87,18992.7936,14.496396800000001,76.22552910052912,88.31838117921087
2025-07-25,2025-07-24,451374.33252536017,4500,184.81,1283019.3325253602,0.6481936623379458,0.65,,False,157.297,18573.847199999997,5.0,74.57275132275132,87.57848992214996
2025-07-28,2025-07-25,636695.3235321601,3500,191.45,1306770.3235321601,0.5127718222042323,0.5,,False,158.542,185441.528,120.5369932,72.45171957671958,89.10714285714286
2025-07-29,2025-07-28,676152.0487794401,3300,209.47,1367403.04877944,0.5055210317228842,0.5,,False,162.386,39482.38879999999,25.663552719999995,77.01719576719577,90.55555555555556
2025-07-30,2025-07-29,490035.38346664014,4200,210.14,1372623.38346664,0.6429935630055877,0.65,,False,178.1485,186088.75199999998,27.913312799999993,76.25727513227514,90.8968253968254
2025-07-31,2025-07-30,512052.72598704015,4100,217.13,1402285.7259870402,0.6348442286063942,0.65,,False,178.6625,22033.3592,16.0166796,79.7612433862434,91.03042328042328
2025-08-01,2025-07-31,490825.76198704017,4200,210.17,1373539.7619870403,0.6426563135842649,0.65,,False,183.6935,21221.964,5.0,76.06018518518519,86.17885501017727
2025-08-04,2025-08-01,490825.76198704017,4200,207.96,1364257.7619870403,0.6402250544851927,0.65,,False,182.7035,0.0,0.0,74.65013227513228,84.65146565695777
2025-08-05,2025-08-04,684961.9569844002,3300,210.45,1379446.9569844003,0.50345176121756,0.5,,False,183.2165,194262.4656,126.27060264,81.46428571428571,85.32791159418065
2025-08-06,2025-08-05,499160.5909594002,4200,210.06,1381412.5909594002,0.6386593011920285,0.65,,False,182.70350000000002,185773.5,27.866024999999997,78.0760582010582,84.88579215338531
2025-08-07,2025-08-06,499160.5909594002,4200,208.0,1372760.5909594002,0.6363819050118966,0.65,,False,182.4545,0.0,0.0,74.57870370370371,82.85567706616158
2025-08-08,2025-08-07,684777.1529201202,3300,208.84,1373949.1529201202,0.5015993485168426,0.5,,False,180.6395,185737.29119999998,120.72923927999999,74.90542328042328,83.76713253245745
2025-08-11,2025-08-08,705698.9211017202,3200,214.28,1391394.92110172,0.49281191816990333,0.5,,False,180.107,20937.2368,15.4686184,75.33134920634922,86.99226513655658
2025-08-12,2025-08-11,512438.4747824802,4100,225.18,1435676.4747824802,0.6430682791120333,0.65,,False,179.3555,193231.46159999998,28.984719239999993,74.51256613756614,87.88492063492063
2025-08-13,2025-08-12,693176.1189024802,3300,251.44,1522928.1189024802,0.5448398973669043,0.5,,False,189.168,180855.19999999998,117.55588,76.00727513227514,84.24074074074075
2025-08-14,2025-08-13,545519.9610005602,3900,238.94,1477385.9610005603,0.6307532524330293,0.65,,False,212.935,147634.0128,22.14510192,76.2559523809524,75.80816865226664
2025-08-15,2025-08-14,521401.6858005602,4000,237.52,1471481.6858005603,0.6456621303330109,0.65,,False,212.5195,24113.275199999996,5.0,72.94246031746032,74.27169724608478
2025-08-18,2025-08-15,713994.1216940002,3200,259.43,1544170.1216940002,0.5376195202438397,0.5,,False,213.24099999999999,192717.7024,125.26650656000001,71.42658730158732,82.0978835978836
2025-08-19,2025-08-18,791710.3101150802,2900,274.89,1588891.3101150803,0.5017215431446105,0.5,,False,218.42600000000002,77766.73680000001,50.54837892000001,69.88822751322752,83.07539682539682
2025-08-20,2025-08-19,791710.3101150802,2900,267.2,1566590.3101150803,0.4946283626272896,0.5,,False,233.4405,0.0,0.0,66.86574074074075,78.32451869636743
2025-08-21,2025-08-20,791710.3101150802,2900,264.63,1559137.3101150803,0.49221258129173756,0.5,,False,232.51199999999997,0.0,0.0,65.06547619047619,76.41979013827755
2025-08-22,2025-08-21,791710.3101150802,2900,278.28,1598722.31011508,0.5047855996592111,0.5,,False,231.43199999999996,0.0,0.0,62.42592592592592,82.17328042328043
2025-08-25,2025-08-22,820403.9648094802,2800,319.29,1714415.9648094801,0.5214673791837618,0.5,,False,232.35449999999997,28713.0112,19.3565056,65.66071428571428,83.3941798941799
2025-08-26,2025-08-25,851649.2990258803,2700,313.31,1697586.2990258802,0.4983175232301421,0.5,,False,268.5645,31265.9672,20.6329836,63.47552910052911,79.45898165920715
2025-08-27,2025-08-26,883531.8040974803,2600,324.38,1726919.8040974801,0.48837705028275474,0.5,,False,268.90950000000004,31903.456800000004,20.9517284,63.73611111111111,82.20634920634919
2025-08-28,2025-08-27,883531.8040974803,2600,358.24,1814955.8040974801,0.5131937636702771,0.5,,False,270.04999999999995,0.0,0.0,62.87698412698413,83.12301587301587
2025-08-29,2025-08-28,918602.8954609203,2500,354.14,1803952.8954609204,0.4907833249015008,0.5,,False,301.04650000000004,35093.9024,22.811036559999998,66.56679894179894,81.31996875967398
2025-09-01,2025-08-29,955741.9849512803,2400,405.2,1928221.9849512803,0.5043402718098203,0.5,,False,299.6275,37163.2456,24.15610964,62.324735449735456,83.64814814814815
2025-09-02,2025-09-01,995796.8419600403,2300,383.15,1877041.8419600404,0.4694860712746757,0.5,,False,338.693,40080.9096,26.052591239999998,62.324735449735456,75.83010806604095
2025-09-03,2025-09-02,956645.6789663603,2400,425.25,1977245.6789663602,0.5161725782774432,0.5,,False,334.07599999999996,39145.2912,5.87179368,55.99801587301588,84.1547619047619
2025-09-04,2025-09-03,1130409.4462546804,2000,368.33,1867069.4462546804,0.39455415087946055,0.25,,False,347.553,173876.78720000002,113.01991168,51.98214285714286,65.02747795414462
2025-09-05,2025-09-04,1318731.0815740803,1500,406.1,1927881.0815740803,0.3159686589707286,0.25,,False,337.7775,188444.12399999998,122.48868059999998,61.94775132275132,82.6509700176367
2025-09-08,2025-09-05,1121979.3212362803,2000,369.17,1860319.3212362803,0.39688885212960867,0.5,,False,330.5505,196722.25199999998,29.508337799999993,63.31944444444445,71.1268430335097
2025-09-09,2025-09-08,939701.2996336803,2500,358.5,1835951.2996336804,0.4881665435127963,0.5,,False,322.797,182250.68399999998,27.337602599999993,65.0271164021164,68.10141093474427
2025-09-10,2025-09-09,1128012.9494478803,2000,384.15,1896312.9494478803,0.4051546450830776,0.25,,False,320.967,188434.132,122.4821858,65.94576719576719,75.32433862433862
2025-09-11,2025-09-10,967340.4361854803,2400,439.0,2020940.4361854803,0.5213414414076781,0.5,,False,319.884,160648.416,24.097262399999998,68.99933862433863,89.62830687830689
2025-09-12,2025-09-11,1008888.1262216403,2300,421.16,1977556.1262216403,0.4898308508951183,0.5,,False,326.6905,41574.713599999995,27.023563839999998,67.55026455026456,84.23501500524281
2025-09-15,2025-09-12,1008888.1262216403,2300,407.12,1945264.1262216403,0.48136188159638676,0.5,,False,323.7535,0.0,0.0,67.64880952380953,79.33220354099626
2025-09-16,2025-09-15,1008888.1262216403,2300,410.51,1953061.1262216403,0.4834323858703703,0.5,,False,324.577,0.0,0.0,72.48743386243386,79.92823974641742
2025-09-17,2025-09-16,1008888.1262216403,2300,405.3,1941078.1262216403,0.4802434211210923,0.5,,False,323.5195,0.0,0.0,71.51653439153439,78.45294922322259
2025-09-18,2025-09-17,969516.7542015603,2400,408.5,1949916.7542015603,0.5027906949809496,0.5,,False,322.954,39365.46719999999,5.904820079999999,73.53439153439155,79.72465982090128
2025-09-19,2025-09-18,1010904.6761545202,2300,420.57,1978215.6761545204,0.4889815663984468,0.5,,False,319.61949999999996,41414.8416,26.91964704,76.30489417989418,83.316871075436
2025-09-22,2025-09-19,844198.4355687603,2700,417.08,1970314.4355687601,0.571541262486325,0.65,,False,319.15749999999997,166681.23839999997,25.002185759999993,76.9649470899471,80.48706282918128
2025-09-23,2025-09-22,754909.6810642802,2900,433.33,2011566.6810642802,0.6247155571970041,0.65,,False,321.25,89275.36319999999,13.391304479999997,72.4755291005291,86.21046920008195
2025-09-24,2025-09-23,920705.0152030002,2500,422.57,1977130.015203,0.5343224734219274,0.5,,False,317.9275,165903.17119999998,107.83706127999999,72.72288359788361,82.07167697147197
2025-09-25,2025-09-24,1003602.6822723602,2300,433.64,2000974.6822723602,0.49844308817908567,0.5,,False,319.36449999999996,82951.58559999999,53.91853063999999,69.21362433862433,84.5285487700522
2025-09-26,2025-09-25,1003602.6822723602,2300,412.79,1953019.6822723602,0.48612771730766313,0.5,,False,319.0915,0.0,0.0,68.2691798941799,77.1058613250413
2025-09-29,2025-09-26,1003602.6822723602,2300,415.83,1960011.6822723602,0.48796086709604564,0.5,,False,318.214,0.0,0.0,65.1276455026455,75.14692290077257
2025-09-30,2025-09-29,1003602.6822723602,2300,402.79,1930019.6822723602,0.48000391317733,0.5,,False,322.525,0.0,0.0,71.9728835978836,63.1625196755493
2025-10-09,2025-09-30,1003602.6822723602,2300,397.93,1918841.6822723602,0.4769747334840786,0.5,,False,323.839,0.0,0.0,78.93716931216932,52.76733605717661
2025-10-10,2025-10-09,1202379.1415361601,1800,389.14,1902831.1415361601,0.36811043539813176,0.05,,False,327.118,198905.748,129.2887362,77.5628306878307,52.841260440394834
2025-10-13,2025-10-10,1386392.03136176,1300,376.54,1875894.03136176,0.26094331119794534,0.05,,False,335.698,184132.576,119.6861744,68.75330687830687,44.52751768690266
2025-10-14,2025-10-13,1578383.3398421602,800,345.69,1854935.3398421602,0.14908983297689088,0.05,,False,340.0885,192116.184,124.8755196,72.63425925925927,40.79095250147642
2025-10-15,2025-10-14,1750428.6016855603,300,353.7,1856538.6016855603,0.05715475019138424,0.05,,False,343.234,172157.164,111.9021566,68.51984126984127,42.92112123513035
2025-10-16,2025-10-15,1785449.7655230004,200,366.54,1858757.7655230004,0.03943924343437686,0.05,,False,344.07099999999997,35043.9424,22.778562559999997,76.78769841269842,42.6745268828868
2025-10-17,2025-10-16,1785449.7655230004,200,373.16,1860081.7655230004,0.04012296737881072,0.05,,False,345.103,0.0,0.0,75.57738095238096,39.13554651625268
2025-10-20,2025-10-17,1785449.7655230004,200,402.52,1865953.7655230004,0.04314361989426671,0.05,,False,350.6485,0.0,0.0,73.50132275132275,60.05884839281194
2025-10-21,2025-10-20,1621486.1282660405,600,440.98,1886074.1282660405,0.14028504820393703,0.5,,False,348.00100000000003,163939.0464,24.590856959999996,76.00859788359789,75.56878306878306
2025-10-22,2025-10-21,1447092.5907586804,1000,443.77,1890862.5907586804,0.23469182909898487,0.65,,False,346.3765,174367.38239999997,26.155107359999995,74.61574074074075,75.68518518518519
2025-10-23,2025-10-22,1270701.1568118003,1400,440.36,1887205.1568118003,0.326675665215703,0.5,,False,349.81149999999997,176364.9792,26.45474688,71.84986772486772,74.72775427783091
2025-10-24,2025-10-23,1090742.3366372404,1800,493.42,1978898.3366372404,0.44881335415605605,0.5,,False,350.299,179931.83039999998,26.989774559999994,73.21494708994709,78.6626984126984
2025-10-27,2025-10-24,1040356.5094966803,1900,508.34,2006202.5094966805,0.48142996304112545,0.5,,False,397.2805,50378.270399999994,7.556740559999999,78.2175925925926,78.7989417989418
2025-10-28,2025-10-27,889400.2190491203,2200,512.39,2016658.2190491203,0.5589732505746642,0.65,,False,412.7915,150933.65039999998,22.640047559999996,82.88161375661376,78.96825396825398
2025-10-29,2025-10-28,728036.0492538003,2500,520.1,2028286.0492538004,0.6410584939330217,0.65,,False,415.6565,161339.9688,24.200995319999997,82.87896825396825,78.27116402116403
2025-10-30,2025-10-29,728036.0492538003,2500,514.13,2013361.0492538004,0.6383976686528092,0.65,,False,423.8330000000001,0.0,0.0,81.44973544973544,76.81684042242587
2025-10-31,2025-10-30,728036.0492538003,2500,472.45,1909161.0492538004,0.6186617941224211,0.65,,False,423.23,0.0,0.0,74.75264550264549,63.034863309762365
2025-11-03,2025-10-31,915807.4832366803,2100,479.43,1922610.4832366803,0.5236645741705648,0.5,,False,422.65700000000004,187893.5648,122.13081712,76.33333333333334,66.88837937148838
2025-11-04,2025-11-03,720013.6321637203,2500,477.24,1913113.6321637202,0.6236430392535601,0.65,,False,423.05750000000006,195764.48639999997,29.364672959999993,71.14351851851853,65.74393884366967
2025-11-05,2025-11-04,904334.0755494803,2100,476.45,1904879.0755494803,0.5252538141883801,0.5,,False,423.00350000000003,184440.3296,119.88621424,63.639550264550266,65.85428550065159
2025-11-06,2025-11-05,1001676.7744411603,1900,496.29,1944627.7744411603,0.4849005102125427,0.5,,False,425.3555,97406.0128,63.313908319999996,54.323412698412696,72.1912121600547
2025-11-07,2025-11-06,1197560.4328485203,1500,489.47,1931765.4328485203,0.3800694367521446,0.25,,False,425.0690000000001,196011.0656,127.40719263999999,50.41203703703703,70.33862113411237
2025-11-10,2025-11-07,1392597.3204149203,1100,489.42,1930959.3204149203,0.2788054591871557,0.25,,False,425.963,195163.744,126.8564336,55.57539682539683,70.2875714784194
2025-11-11,2025-11-10,1491074.3726973203,900,467.5,1911824.3726973203,0.22007774668463914,0.25,,False,424.754,98541.104,64.0517176,56.4265873015873,64.14629131149992
2025-11-12,2025-11-11,1445121.7536382403,1000,491.17,1936291.7536382403,0.2536652852428384,0.25,,False,425.69450000000006,45945.727199999994,6.891859079999999,55.64748677248678,70.77669038005511
2025-11-13,2025-11-12,1493920.9175506402,900,480.43,1926307.9175506402,0.22446411399782512,0.25,,False,422.34200000000004,48830.903999999995,31.740087599999995,57.05291005291005,66.90937248534827
2025-11-14,2025-11-13,1447413.7721250802,1000,462.27,1909683.7721250802,0.2420662555484722,0.25,,False,423.46850000000006,46500.170399999995,6.975025559999999,47.57539682539682,53.576867696383175
2025-11-17,2025-11-14,1636994.5796502002,600,482.63,1926572.5796502002,0.15030734012241442,0.05,,False,422.7395,189704.1152,123.30767488000001,48.855158730158735,65.53650971679235
2025-11-18,2025-11-17,1447158.3836914802,1000,472.35,1919508.3836914802,0.24607863347364267,0.25,,False,426.00350000000003,189807.7248,28.47115872,42.9239417989418,52.3944042100166
2025-11-19,2025-11-18,1635632.7972404403,600,488.02,1928444.7972404403,0.1518384142595148,0.05,,False,430.15250000000003,188597.0016,122.58805104,34.90013227513227,64.67828693912139
2025-11-20,2025-11-19,1789726.1178352803,300,491.42,1937152.1178352803,0.07610450343194779,0.05,,False,429.2105,154193.5464,100.22580516,36.96626984126985,65.84543072201215
2025-11-21,2025-11-20,1836900.6400516403,200,463.46,1929592.6400516403,0.04803708206386989,0.05,,False,426.935,47205.2056,30.68338364,24.261904761904763,46.085235745262665
2025-11-24,2025-11-21,1836900.6400516403,200,456.26,1928152.6400516403,0.04732612870190405,0.05,,False,430.913,0.0,0.0,24.14484126984127,41.87429696568324
2025-11-25,2025-11-24,1836900.6400516403,200,479.09,1932718.6400516403,0.04957679716766215,0.05,,False,428.06,0.0,0.0,41.761243386243386,49.14997187150619
2025-11-26,2025-11-25,1836900.6400516403,200,542.58,1945416.6400516403,0.055780339165352,0.05,,False,427.61,0.0,0.0,41.66203703703704,71.75
2025-11-27,2025-11-26,1890459.8942928803,100,523.38,1942797.8942928803,0.026939498006327337,0.05,,False,442.5045,53594.0904,34.83615876,44.92526455026455,65.709936125285
2025-11-28,2025-11-27,1890459.8942928803,100,513.89,1941848.8942928803,0.0264639540960334,0.05,,False,441.543,0.0,0.0,44.92526455026455,64.29933717623089
2025-12-01,2025-11-28,1890459.8942928803,100,537.36,1944195.8942928803,0.027639190144234008,0.05,,False,444.771,0.0,0.0,47.771825396825406,71.4152526406756
2025-12-02,2025-12-01,1727897.5872039204,400,541.36,1944441.5872039204,0.11136564935920097,0.25,,False,443.856,162537.9264,24.380688959999997,45.31944444444444,72.50610589499784
2025-12-03,2025-12-02,1565773.6962675203,700,523.11,1931950.6962675203,0.18953744560223232,0.25,,False,446.07,162099.576,24.314936399999997,45.5,67.09663091157064
2025-12-04,2025-12-03,1462323.4994652802,900,534.87,1943706.4994652802,0.24766239148370908,0.25,,False,443.7825,103434.6816,15.515202239999999,49.75727513227513,69.37429503483357
2025-12-05,2025-12-04,1462323.4994652802,900,536.42,1945101.4994652802,0.24820195765245076,0.25,,False,444.7815,0.0,0.0,48.10383597883597,71.53577381903158
2025-12-08,2025-12-05,1516480.8854680003,800,569.33,1971944.8854680003,0.23097197257209606,0.25,,False,444.9,54192.6112,35.22519728,52.2473544973545,75.18915343915344
2025-12-09,2025-12-08,1516480.8854680003,800,605.28,2000704.8854680003,0.2420266994483454,0.25,,False,469.841,0.0,0.0,55.18981481481482,78.40608465608466
2025-12-10,2025-12-09,1516480.8854680003,800,615.27,2008696.8854680003,0.24504244695202984,0.25,,False,504.47249999999997,0.0,0.0,49.79298941798943,78.53042328042328
2025-12-11,2025-12-10,1516480.8854680003,800,586.12,1985376.8854680003,0.23617480561604812,0.25,,False,516.2415,0.0,0.0,55.63161375661376,70.80039302657421
2025-12-12,2025-12-11,1516480.8854680003,800,581.31,1981528.8854680003,0.23469150685136958,0.25,,False,513.327,0.0,0.0,52.76587301587302,70.57930238911759
2025-12-15,2025-12-12,1516480.8854680003,800,570.19,1972632.8854680003,0.2312401883596195,0.25,,False,512.2964999999999,0.0,0.0,48.04960317460318,67.06002017181257
2025-12-16,2025-12-15,1516480.8854680003,800,551.14,1957392.8854680003,0.22525472697556104,0.25,,False,513.168,0.0,0.0,40.24537037037037,62.40954190714053
2025-12-17,2025-12-16,1683140.9643570404,500,589.28,1977780.9643570404,0.1489750408715178,0.1,,False,511.79099999999994,166768.47840000002,108.39951096000001,50.08267195767196,72.06696363269086
2025-12-18,2025-12-17,1510083.6952598803,800,570.52,1966499.6952598803,0.2320956372890172,0.25,,False,509.907,173031.31439999997,25.954697159999995,32.69444444444444,66.75647973363611
2025-12-19,2025-12-18,1684625.3334032802,500,571.02,1970135.3334032802,0.14491897848804128,0.1,,False,510.98999999999995,174655.164,113.5258566,35.601190476190474,68.00792960684959
2025-12-22,2025-12-19,1802316.4947915203,300,616.77,1987347.4947915203,0.09310450260205269,0.1,,False,513.279,117767.71039999998,76.54901175999998,60.37367724867725,79.2632275132275
2025-12-23,2025-12-22,1614860.5582181604,600,620.27,1987022.5582181604,0.18729631350221407,0.5,,False,513.2415,187427.82239999998,28.114173359999995,60.039021164021165,78.66137566137566
2025-12-24,2025-12-23,1426611.8691497603,900,633.65,1996896.8691497603,0.2855856047502424,0.5,,False,520.1885,188220.45599999998,28.233068399999993,54.32738095238096,77.29761904761905
2025-12-25,2025-12-24,1555273.1065507203,700,639.04,2002601.1065507203,0.22337349087481412,0.25,,False,543.4685,128744.9216,83.68419904,53.80753968253969,77.9814814814815
2025-12-26,2025-12-25,1555273.1065507203,700,626.26,1993655.1065507203,0.21988858482070012,0.25,,False,548.113,0.0,0.0,53.80753968253969,74.63794302564959
2025-12-29,2025-12-26,1555273.1065507203,700,617.27,1987362.1065507203,0.21741835500221784,0.25,,False,548.023,0.0,0.0,50.51785714285714,71.45821874345911
2025-12-30,2025-12-29,1493477.4489922803,800,631.25,1998477.4489922803,0.25269236851015914,0.25,,False,549.6775,61786.389599999995,9.26795844,48.17526455026455,74.95439091176448
2025-12-31,2025-12-30,1556212.3839618003,700,609.28,1982708.3839618003,0.21510778057425972,0.25,,False,547.6225,62775.739199999996,40.80423048,49.863095238095234,69.84484266081662
2026-01-05,2025-12-31,1494118.4432676001,800,622.77,1992334.4432676001,0.2500664492769009,0.25,,False,549.3415,62084.628,9.3126942,41.09060846560847,73.15382167166094
2026-01-06,2026-01-05,1675439.2408912801,500,604.53,1977704.2408912801,0.15283630067141893,0.1,,False,548.9034999999999,181438.73279999997,117.93517631999998,48.135582010582006,68.18246649074142
2026-01-07,2026-01-06,1490442.6387627602,800,618.87,1985538.6387627602,0.2493509772786426,0.25,,False,546.91,184968.8568,27.745328519999997,47.86904761904762,70.94347639183644
2026-01-08,2026-01-07,1490442.6387627602,800,594.75,1966242.6387627602,0.2419843770143204,0.25,,False,550.198,0.0,0.0,48.07539682539682,56.26548586106675
2026-01-09,2026-01-08,1490442.6387627602,800,582.51,1956450.6387627602,0.2381905225550177,0.25,,False,552.7239999999999,0.0,0.0,43.86375661375661,52.19486538008072
2026-01-12,2026-01-09,1660994.0690282402,500,591.27,1956629.0690282402,0.15109404469127463,0.05,,False,552.2244999999999,170662.36080000002,110.93053452000001,45.09457671957672,56.0082978303434
2026-01-13,2026-01-12,1486795.71679428,800,585.07,1954851.71679428,0.23943299431813436,0.25,,False,552.232,174172.22639999999,26.125833959999994,45.17261904761904,53.90752100372784
2026-01-14,2026-01-13,1664932.1368096801,500,592.3,1961082.1368096801,0.15101356258426868,0.05,,False,551.7925,178252.28399999999,115.86398459999998,56.2255291005291,56.165498909740265
2026-01-15,2026-01-14,1490013.1004893202,800,624.28,1989437.1004893202,0.25103784375849936,0.25,,False,549.715,174892.8024,26.233920359999995,56.017195767195766,72.98292279689375
2026-01-16,2026-01-15,1553443.0266207603,700,616.27,1984832.0266207603,0.21734282509258654,0.25,,False,545.821,63471.1824,41.256268559999995,57.21097883597884,69.43155308359366
2026-01-19,2026-01-16,1492957.6127694002,800,604.78,1976781.6127694002,0.24475338948655026,0.25,,False,547.363,60476.34239999999,9.071451359999998,63.75462962962964,59.73939745597232
2026-01-20,2026-01-19,1311345.2229966002,1100,584.31,1954086.2229966,0.32892151453499,0.5,,False,548.8795,181585.15199999997,27.237772799999995,63.75462962962964,53.05741383238879
2026-01-21,2026-01-20,1486755.6000924,800,581.21,1951723.6000924,0.2382345532830505,0.05,,False,547.189,175524.468,114.09090419999998,48.889550264550266,50.0321576942133
2026-01-22,2026-01-21,1663313.31173568,500,620.27,1973448.31173568,0.15715385001760254,0.05,,False,551.929,176672.5488,114.83715672,49.00198412698413,68.93636387120364
2026-01-23,2026-01-22,1479157.5077079602,800,584.31,1946605.5077079602,0.24013494164536645,0.25,,False,547.7935,184128.1848,27.619227719999994,56.390211640211646,50.30609108106603
2026-01-26,2026-01-23,1652698.5982303203,500,589.1,1947248.5982303203,0.15126471281976533,0.05,,False,544.7305,173653.9656,112.87507764,54.71891534391534,52.075935993938
2026-01-27,2026-01-26,1829220.3620548802,200,614.87,1952194.3620548802,0.06299270318072098,0.05,,False,546.8874999999999,176636.5776,114.81377543999999,54.2228835978836,68.86459153015238
2026-01-28,2026-01-27,1639665.4330798802,500,627.26,1953295.4330798802,0.16056454885858226,0.25,,False,543.6655,189526.5,28.428974999999998,55.75661375661375,72.54688381779019
2026-01-29,2026-01-28,1512294.5303098802,700,613.12,1941478.5303098802,0.22106038944015402,0.25,,False,542.4025,127351.79999999997,19.102769999999996,57.8260582010582,68.15125995872117
2026-01-30,2026-01-29,1512294.5303098802,700,648.23,1966055.5303098802,0.23079765195059387,0.25,,False,542.6275,0.0,0.0,57.831349206349216,81.58465608465609
2026-02-02,2026-01-30,1512294.5303098802,700,590.3,1925504.5303098802,0.21459830059890858,0.25,,False,548.423,0.0,0.0,54.99669312169313,51.71156793505342
2026-02-03,2026-02-02,1693914.89308956,400,589.0,1929514.89308956,0.12210322959609539,0.05,,False,542.3615000000001,181738.49279999998,118.13002031999999,53.75529100529101,52.55663543958978
2026-02-04,2026-02-03,1864466.32335504,100,559.34,1920400.32335504,0.029126218799151404,0.05,,False,540.9395000000001,170662.36080000002,110.93053452000001,44.21626984126984,42.68888498325968
2026-02-05,2026-02-04,1864466.32335504,100,561.33,1920599.32335504,0.029226814420585587,0.05,,False,535.1615,0.0,0.0,38.60119047619048,45.411571840682655
2026-02-06,2026-02-05,1864466.32335504,100,539.37,1918403.32335504,0.028115568474762202,0.05,,False,536.039,0.0,0.0,37.395502645502646,40.65652821231474
2026-02-09,2026-02-06,1864466.32335504,100,565.32,1920998.32335504,0.029428448381603158,0.05,,False,536.36,0.0,0.0,51.0568783068783,46.2743257851437
2026-02-10,2026-02-09,1864466.32335504,100,555.05,1919971.32335504,0.02890928594860895,0.05,,False,537.434,0.0,0.0,52.24470899470899,44.0428193884413
2026-02-11,2026-02-10,1864466.32335504,100,531.28,1917594.32335504,0.027705547181140367,0.05,,False,540.1925,0.0,0.0,52.04298941798942,38.60372463575416
2026-02-12,2026-02-11,1917825.86749228,0,526.84,1917825.86749228,0.0,0.0,,True,540.296,53394.2504,34.70626276,50.55291005291005,37.24962253746404
2026-02-13,2026-02-12,1865438.14011172,100,530.37,1918475.14011172,0.02764539341224482,0.05,,False,,52379.87039999999,7.8569805599999984,48.34060846560847,37.31673881673881
2026-02-24,2026-02-13,1865438.14011172,100,553.35,1920773.14011172,0.02880871189024514,0.05,,False,427.55400000000003,0.0,0.0,46.90013227513228,41.17680469250128
2026-02-25,2026-02-24,1865438.14011172,100,565.4,1921978.14011172,0.029417608254750215,0.05,,False,445.5015,0.0,0.0,49.33531746031746,39.30913481783157
2026-02-26,2026-02-25,1865438.14011172,100,571.54,1922592.14011172,0.02972757393915011,0.05,,False,458.47099999999995,0.0,0.0,50.29298941798943,41.925833896731575
2026-02-27,2026-02-26,1865438.14011172,100,533.37,1918775.14011172,0.02779742080507384,0.05,,False,465.15999999999997,0.0,0.0,44.039021164021165,30.2875857228479
2026-03-02,2026-02-27,1865438.14011172,100,569.91,1922429.14011172,0.029645305936575654,0.05,,False,465.38349999999997,0.0,0.0,44.06415343915344,39.222221548837865
2026-03-03,2026-03-02,1865438.14011172,100,563.13,1921751.14011172,0.029302961671055013,0.05,,False,462.5155,0.0,0.0,46.639550264550266,37.692129573514265
2026-03-04,2026-03-03,1865438.14011172,100,538.36,1919274.14011172,0.028050187763623093,0.05,,False,461.0514999999999,0.0,0.0,41.52645502645503,30.884447143695404
2026-03-05,2026-03-04,1865438.14011172,100,556.34,1921072.14011172,0.028959870292411094,0.05,,False,463.44999999999993,0.0,0.0,48.343253968253975,33.149419273337486
2026-03-06,2026-03-05,1865438.14011172,100,544.84,1919922.14011172,0.028378234128197295,0.05,,False,460.96,0.0,0.0,52.72817460317461,31.376291275705835
2026-03-09,2026-03-06,1865438.14011172,100,525.37,1917975.14011172,0.027391908738160067,0.05,,False,461.698,0.0,0.0,40.90013227513228,28.53287580743885
2026-03-10,2026-03-09,1865438.14011172,100,546.35,1920073.14011172,0.02845464522086958,0.05,,False,462.92199999999997,0.0,0.0,44.99669312169312,32.84104435954088
2026-03-11,2026-03-10,1865438.14011172,100,554.02,1920840.14011172,0.028842587596476253,0.05,,False,469.60299999999995,0.0,0.0,43.2063492063492,42.00900494443681
2026-03-12,2026-03-11,1865438.14011172,100,534.17,1918855.14011172,0.027837953414706407,0.05,,False,472.73349999999994,0.0,0.0,41.28108465608465,32.43025248158457
2026-03-13,2026-03-12,1865438.14011172,100,541.38,1919576.14011172,0.02820310112671496,0.05,,False,477.1525,0.0,0.0,29.722883597883595,32.80601680342899
2026-03-16,2026-03-13,1865438.14011172,100,561.04,1921542.14011172,0.029197382055195557,0.05,,False,476.83449999999993,0.0,0.0,31.06018518518519,45.30357692787694
2026-03-17,2026-03-16,1865438.14011172,100,542.36,1919674.14011172,0.02825271167993314,0.05,,False,477.88599999999997,0.0,0.0,41.02050264550265,32.797516387114214
2026-03-18,2026-03-17,1865438.14011172,100,579.31,1923369.14011172,0.030119543249318766,0.05,,False,477.15099999999995,0.0,0.0,42.10912698412698,49.90884373622367
2026-03-19,2026-03-18,1865438.14011172,100,574.52,1922890.14011172,0.02987794195910851,0.05,,False,481.7949999999999,0.0,0.0,32.273809523809526,49.71122697811143
2026-03-20,2026-03-19,1865438.14011172,100,611.28,1926566.14011172,0.03172899114507184,0.05,,False,483.3354999999999,0.0,0.0,38.31283068783069,60.23243252464361
2026-03-23,2026-03-20,1865438.14011172,100,598.91,1925329.14011172,0.031106889077949933,0.05,,False,510.1334999999999,0.0,0.0,20.339285714285715,56.2254165331121
2026-03-24,2026-03-23,1865438.14011172,100,602.48,1925686.14011172,0.031286510685746886,0.05,,False,509.4899999999999,0.0,0.0,18.33134920634921,56.66798919352797
2026-03-25,2026-03-24,1865438.14011172,100,627.66,1928204.14011172,0.032551532638221255,0.05,,False,512.79,0.0,0.0,23.167989417989418,63.18167191457535
2026-03-26,2026-03-25,1865438.14011172,100,613.47,1926785.14011172,0.03183904563247926,0.05,,False,527.6804999999999,0.0,0.0,25.332671957671963,63.06727423891857
2026-03-27,2026-03-26,1865438.14011172,100,597.29,1925167.14011172,0.0310253581393114,0.05,,False,525.108,0.0,0.0,13.209656084656084,55.24738547303454
2026-03-30,2026-03-27,1865438.14011172,100,588.38,1924276.14011172,0.030576692592874936,0.05,,False,527.4404999999999,0.0,0.0,11.970238095238097,51.34043686483021
2026-03-31,2026-03-30,1865438.14011172,100,568.74,1922312.14011172,0.029586246069639152,0.05,,False,533.5829999999999,0.0,0.0,12.134259259259258,38.18370822884654
2026-04-01,2026-03-31,1865438.14011172,100,601.16,1925554.14011172,0.03122010373414486,0.05,,False,533.8349999999999,0.0,0.0,19.749338624338627,55.51162957216749
2026-04-02,2026-04-01,1865438.14011172,100,581.31,1923569.14011172,0.030220385006084975,0.05,,False,533.0414999999999,0.0,0.0,19.057539682539684,49.05684733119824
2026-04-03,2026-04-02,1865438.14011172,100,605.8,1926018.14011172,0.031453493992785554,0.05,,False,536.4615,0.0,0.0,22.114417989417987,56.03584447335506
2026-04-07,2026-04-03,1865438.14011172,100,618.8,1927318.14011172,0.03210679062897889,0.05,,False,533.4525,0.0,0.0,33.89616402116402,67.91585725867924
2026-04-08,2026-04-07,1865438.14011172,100,687.33,1934171.14011172,0.03553615219180134,0.05,,False,533.5305,0.0,0.0,33.086640211640216,76.9510582010582
2026-04-09,2026-04-08,1865438.14011172,100,692.2,1934658.14011172,0.03577893094642694,0.05,,False,586.347,0.0,0.0,47.94113756613757,77.44708994708995
2026-04-10,2026-04-09,1725471.28103164,300,733.78,1945605.28103164,0.11314422413742416,0.25,,False,591.205,139945.86719999998,20.991880079999994,51.263888888888886,79.81084656084656
2026-04-13,2026-04-10,1577745.05662132,500,737.13,1946310.05662132,0.18936602559604876,0.25,,False,630.5455,147704.06879999998,22.155610319999994,60.80026455026456,80.55291005291005
2026-04-14,2026-04-13,1427780.70774268,700,772.09,1968243.70774268,0.27459150402662325,0.5,,False,633.012,149941.8576,22.491278639999997,67.52050264550266,81.55555555555556
2026-04-15,2026-04-14,1270417.3355770002,900,779.06,1971571.3355770002,0.3556320724224773,0.5,,False,664.4455,157339.7712,23.600965679999995,67.9649470899471,82.28042328042329
2026-04-16,2026-04-15,1115978.7396619602,1100,808.65,2005493.7396619602,0.44353915567441954,0.5,,False,670.8245,154415.4336,23.162315039999996,69.2691798941799,81.9126984126984
2026-04-17,2026-04-16,1031897.9286318402,1200,849.99,2051885.9286318403,0.4970978092725209,0.5,,False,699.1095,84068.20079999999,12.610230119999997,74.25595238095238,83.31613756613757
2026-04-20,2026-04-17,1031897.9286318402,1200,849.0,2050697.9286318403,0.4968064705071949,0.5,,False,735.5805,0.0,0.0,76.95238095238096,81.06715648568787
2026-04-21,2026-04-20,861986.6457618402,1400,863.84,2071362.64576184,0.5838552715404384,0.65,,False,738.4455,169885.8,25.482869999999995,81.50595238095238,81.43121693121694
2026-04-22,2026-04-21,776077.0988624801,1500,885.57,2104432.0988624804,0.6312178001457128,0.65,,False,752.9105000000001,85896.66239999999,12.884499359999998,79.1686507936508,81.92460317460318
2026-04-23,2026-04-22,776077.0988624801,1500,895.94,2119987.0988624804,0.6339236690266185,0.65,,False,772.9620000000001,0.0,0.0,81.83399470899471,81.63492063492063
2026-04-24,2026-04-23,776077.0988624801,1500,885.94,2104987.0988624804,0.6313150331031165,0.65,,False,781.7735000000001,0.0,0.0,77.73875661375662,80.5028775311272
2026-04-27,2026-04-24,776077.0988624801,1500,856.02,2060107.0988624801,0.6232831296533063,0.65,,False,777.5330000000001,0.0,0.0,82.98611111111111,75.37911673388936
2026-04-28,2026-04-27,776077.0988624801,1500,824.02,2012107.0988624801,0.6142963268201649,0.65,,False,774.4670000000001,0.0,0.0,82.82142857142858,70.44097033614189
2026-04-29,2026-04-28,776077.0988624801,1500,845.0,2043577.0988624801,0.6202359581664576,0.65,,False,771.9140000000001,0.0,0.0,79.5925925925926,74.57827719118094
2026-04-30,2026-04-29,776077.0988624801,1500,857.5,2062327.0988624801,0.6236886479887008,0.65,,False,770.0135,0.0,0.0,76.59457671957672,75.81145276404446
2026-05-06,2026-04-30,776077.0988624801,1500,856.0,2060077.0988624801,0.6232776436906127,0.65,,False,770.4485000000001,0.0,0.0,78.47883597883597,76.07193730376645
2026-05-07,2026-05-06,776077.0988624801,1500,877.47,2092282.0988624801,0.629076261138776,0.65,,False,766.6385,0.0,0.0,79.70965608465609,79.45074866242578
2026-05-08,2026-05-07,776077.0988624801,1500,886.0,2105077.0988624804,0.6313307957785257,0.65,,False,764.9585000000001,0.0,0.0,83.93650793650794,80.26304016012031
2026-05-11,2026-05-08,776077.0988624801,1500,940.13,2186272.0988624804,0.6450226395578693,0.65,,False,765.1880000000001,0.0,0.0,86.67526455026456,82.89153439153438
2026-05-12,2026-05-11,872037.8038344801,1400,1017.99,2297223.8038344802,0.6203949295759116,0.65,,False,808.157,96023.12,62.41502799999999,84.77513227513228,84.97751322751323
2026-05-13,2026-05-12,872037.8038344801,1400,1049.2,2340917.8038344802,0.6274803829480637,0.65,,False,876.8955,0.0,0.0,81.8690476190476,84.78174603174604
2026-05-14,2026-05-13,872037.8038344801,1400,1078.0,2381237.8038344802,0.6337880230062501,0.65,,False,906.4375,0.0,0.0,81.39087301587301,85.48280423280424
2026-05-15,2026-05-14,872037.8038344801,1400,1049.87,2341855.80383448,0.6276295908541281,0.65,,False,930.13,0.0,0.0,82.44378306878306,80.35709750566892
2026-05-18,2026-05-15,872037.8038344801,1400,1045.0,2335037.8038344802,0.626542318757125,0.65,,False,927.4735,0.0,0.0,75.30092592592594,79.18537414965986
2026-05-19,2026-05-18,872037.8038344801,1400,1030.0,2314037.8038344802,0.6231531730426061,0.65,,False,927.145,0.0,0.0,74.43849206349206,76.54572940287225
2026-05-20,2026-05-19,973801.0858782001,1300,1037.0,2321901.0858782,0.5806018215845381,0.5,,False,925.8820000000001,101829.4712,66.18915627999999,72.35515873015875,76.82218442932728
2026-05-21,2026-05-20,1079647.4409982,1200,993.34,2271655.4409982003,0.5247309862609328,0.5,,False,926.3979999999999,105915.20000000001,68.84488,74.15674603174604,69.66521541950114
2026-05-22,2026-05-21,1180505.03772028,1100,1037.98,2322283.03772028,0.49166186095939945,0.5,,False,921.4014999999999,100923.19679999999,65.60007791999999,77.02711640211639,75.75038548752835
2026-05-25,2026-05-22,1074905.8010104,1200,1093.0,2386505.8010104,0.5495901159949806,0.65,,False,918.016,105583.39919999999,15.837509879999997,73.81878306878308,81.52116402116401
2026-05-26,2026-05-25,1182649.4021184,1100,1103.0,2395949.4021183997,0.5063963366368464,0.5,,False,928.4739999999999,107813.68,70.078892,73.81878306878308,81.34126984126985
2026-05-27,2026-05-26,1291491.4087983998,1000,1111.37,2402861.4087984,0.4625193928915623,0.5,,False,939.698,108912.79999999999,70.79332,80.65674603174604,80.98148148148147
2026-05-28,2026-05-27,1181386.8955984,1100,1197.99,2499175.8955984,0.5272894166116587,0.65,,False,948.3784999999998,110087.99999999999,16.513199999999998,82.6223544973545,83.02513227513228
2026-05-29,2026-05-28,1062273.8313183999,1200,1161.16,2455665.8313184,0.5674192238330387,0.65,,False,1024.7565,119095.2,17.864279999999997,86.85383597883599,78.3585693536674
2026-06-01,2026-05-29,946063.5223863999,1300,1130.0,2415063.5223864,0.6082655741280192,0.65,,False,1021.9065,116192.87999999999,17.428931999999996,86.24537037037038,73.66199097774488
2026-06-02,2026-06-01,946063.5223863999,1300,1191.81,2495416.5223864,0.6208795149429936,0.65,,False,1018.4565,0.0,0.0,85.89021164021165,82.39577900125566
2026-06-03,2026-06-02,946063.5223863999,1300,1275.0,2603563.5223864,0.6366274476302204,0.65,,False,1011.567,0.0,0.0,90.21626984126983,84.71693121693121
2026-06-04,2026-06-03,946063.5223863999,1300,1280.0,2610063.5223864,0.6375323764069132,0.65,,False,1076.631,0.0,0.0,87.09722222222221,84.23015873015873
2026-06-05,2026-06-04,946063.5223863999,1300,1179.99,2480050.5223864,0.6185305445003348,0.65,,False,1082.4575,0.0,0.0,80.62896825396825,71.05022536375661
2026-06-08,2026-06-05,946063.5223863999,1300,1154.99,2447550.5223864,0.6134651711034045,0.65,,False,1066.8395,0.0,0.0,68.70171957671958,67.15993105158731
2026-06-09,2026-06-08,1059995.14106684,1200,1180.0,2475995.14106684,0.5718912676823281,0.5,,False,1071.1595,114005.72239999998,74.10371955999999,67.17923280423281,68.92294973544973
2026-06-10,2026-06-09,1174828.4508668398,1100,1147.0,2436528.45086684,0.5178269104763078,0.5,,False,1073.186,114908.0,74.6902,64.61838624338625,63.80289351851852
2026-06-11,2026-06-10,1288263.7899388399,1000,1124.0,2412263.78993884,0.4659523575688617,0.5,,False,1074.6680000000001,113509.12000000001,73.780928,57.30291005291005,52.27361111111112
2026-06-12,2026-06-11,1406292.4614028397,900,1149.0,2440392.46140284,0.4237433184847473,0.05,,False,1071.95,118105.44,76.768536,67.83664021164022,63.92845568783069
2026-06-15,2026-06-12,1288680.8223028397,1000,1245.0,2533680.8223028397,0.4913799674532133,0.5,,False,1072.1555,117593.99999999999,17.639099999999996,65.44907407407408,76.99644510582011
2026-06-16,2026-06-15,1288680.8223028397,1000,1248.09,2536770.8223028397,0.4919995093869,0.5,,False,1060.451,0.0,0.0,80.51322751322752,77.48441352513228
2026-06-17,2026-06-16,1165764.1475668398,1100,1276.11,2569485.14756684,0.5463043837125293,0.65,,False,1062.686,122898.23999999999,18.434735999999997,78.41798941798942,81.13455803571428
2026-06-18,2026-06-17,1038643.4823268398,1200,1367.88,2680099.48232684,0.6124608473767928,0.65,,False,1062.0575,127101.59999999999,19.065239999999996,78.72949735449735,89.35846560846561
2026-06-22,2026-06-18,1038643.4823268398,1200,1382.33,2697439.48232684,0.6149520724628472,0.65,,False,1145.721,0.0,0.0,78.95304232804233,89.11772486772487
2026-06-23,2026-06-22,1038643.4823268398,1200,1310.01,2610655.48232684,0.6021522221686977,0.65,,False,1156.8754999999999,0.0,0.0,79.11243386243386,79.53457094353806
2026-06-24,2026-06-23,1038643.4823268398,1200,1312.18,2613259.48232684,0.6025486602646767,0.65,,False,1153.04,0.0,0.0,68.95502645502646,79.448135503674
2026-06-25,2026-06-24,1171051.2812788398,1100,1323.4,2626791.28127884,0.5541894441233567,0.5,,False,1148.7305,132493.92,86.121048,63.85119047619048,81.06054921379774
2026-06-26,2026-06-25,1300463.4286708399,1000,1253.89,2554353.42867084,0.49088351906433825,0.5,,False,1147.7195,129496.31999999999,84.172608,67.06150793650794,70.989111092509
2026-06-29,2026-06-26,1300463.4286708399,1000,1220.0,2520463.42867084,0.48403796941555466,0.5,,False,1151.6135,0.0,0.0,58.78571428571429,59.78070069524898
2026-06-30,2026-06-29,1422587.15581736,900,1270.0,2565587.1558173597,0.44551205263414895,0.25,,False,1145.654,122203.15920000001,79.43205348000001,60.37830687830688,74.34360780588347
2026-07-01,2026-06-30,1296117.10815536,1000,1223.17,2519287.10815536,0.4855222717729913,0.5,,False,1144.502,126451.07999999997,18.967661999999994,61.8207671957672,58.98420064627484
2026-07-02,2026-07-01,1296117.10815536,1000,1143.0,2439117.10815536,0.4686121860152999,0.5,,False,1139.7034999999998,0.0,0.0,51.83333333333333,43.650149351009496
2026-07-03,2026-07-02,1408953.31691536,900,1116.0,2413353.3169153603,0.4161843990931999,0.0,,True,1144.5665,112909.6,73.39124000000001,49.636904761904766,42.17855685498723
2026-07-06,2026-07-03,1522442.57771544,800,1098.92,2401578.5777154397,0.36606589022637753,0.0,,True,1140.911,113563.0768,73.81599992,49.636904761904766,43.34930402953957
2026-07-07,2026-07-06,1632083.42481144,700,1121.9,2417413.42481144,0.3248637539361958,0.0,,True,1150.0384999999999,109712.15999999999,71.312904,52.79034391534391,45.090270120187
2026-07-08,2026-07-07,1745398.93782104,600,1128.35,2422408.93782104,0.2794779978846063,0.0,,True,1149.857,113389.21599999999,73.70299039999999,59.28505291005291,44.36127635814034
2026-07-09,2026-07-08,1860531.81277704,500,1194.9,2457981.81277704,0.24306526472016407,0.05,,False,1150.5349999999999,115207.76000000001,74.88504400000001,57.75727513227513,55.332290637879765
2026-07-10,2026-07-09,1860531.81277704,500,1093.98,2407521.81277704,0.22720043369785933,0.25,,False,1145.7679999999998,0.0,0.0,65.92195767195767,43.58679823886035
2026-07-13,2026-07-10,1970373.36852756,400,1108.0,2413573.36852756,0.18362814479941889,0.0,,True,1139.4499999999998,109912.99919999999,71.44344948,75.41997354497354,43.27775382657539
2026-07-14,2026-07-13,2081065.68932112,300,1184.05,2436280.6893211203,0.14580216538964652,0.0,,True,1138.373,110764.31760000001,71.99680644,55.958333333333336,46.38219270492498
2026-07-15,2026-07-14,2199893.20120112,200,1169.31,2433755.20120112,0.0960910118998752,0.05,,False,1141.724,118904.8,77.28812,57.72089947089947,44.469525429746575
2026-07-16,2026-07-15,2311952.53765656,100,1113.0,2423252.53765656,0.04593000451683596,0.0,,True,1140.71,112132.2224,72.88594456,51.41335978835978,40.30487608970316
2026-07-17,2026-07-16,2417535.27543928,0,979.46,2417535.27543928,0.0,0.0,,True,1138.4254999999998,105651.41119999999,68.67341728,34.94179894179894,35.59920634920635
2026-07-20,2026-07-17,2417535.27543928,0,1004.0,2417535.27543928,0.0,0.0,,False,,0.0,0.0,34.82142857142857,35.93121693121693
2026-07-21,2026-07-20,2417535.27543928,0,1136.55,2417535.27543928,0.0,0.0,,False,,0.0,0.0,28.388227513227516,41.18337591728895
2026-07-22,2026-07-21,2306429.81211928,100,1060.8,2412509.81211928,0.043970805617911064,0.05,,False,,111088.79999999999,16.663319999999995,32.9457671957672,37.68113765206717
